Date,Time,Cooling Devices,Indoor Temperature(C),Indoor Humidity(%),Outdoor Temperature(C),Outdoor Humidity(%),Dew Point(C),Feels Like (C),Wind(km/h),Gust(km/h),Wind Direction(deg),ABS Pressure(inhg),REL Pressure(inhg),Solar Rad.(w/m2),UVI,Hourly Rain(mm),Event Rain(mm),Daily Rain(mm),Weekly Rain(mm),Monthly Rain(mm),Yearly Rain(mm),Pattern
2021-07-25 12:00,12:00,1.5,31.9,67,34.6,59,25.5,43.4,1.1,1.8,133,29.76,29.76,634.5,6,0,0,0,0,0.5,0.5,sunday
2021-07-25 12:30,12:30,1.5,32.1,65,34.9,58,25.4,43.8,0.4,1.8,124,29.74,29.74,523.5,5,0,0,0,0,0.5,0.5,sunday
2021-07-25 13:00,13:00,2.5,32.3,66,35.4,62,27,47.3,1.4,3.6,191,29.73,29.73,748.3,7,0,0,0,0,0.5,0.5,sunday
2021-07-25 13:30,13:30,1,32.6,70,34,73,28.5,48.3,0,0,109,29.71,29.71,646.2,6,0,0,0,0,0.5,0.5,sunday
2021-07-25 14:00,14:00,1,32.6,72,33.6,73,28.1,46.9,0.4,1.8,124,29.71,29.71,563.4,5,0,0,0,0,0.5,0.5,sunday
2021-07-25 14:30,14:30,1.5,32.6,73,33.1,77,28.5,47.1,2.2,3.6,117,29.71,29.71,576,5,0,0,0,0,0.5,0.5,sunday
2021-07-25 15:00,15:00,2,32.8,73,33.7,74,28.4,47.8,1.1,1.8,92,29.69,29.69,594.3,5,0,0,0,0,0.5,0.5,sunday
2021-07-25 15:30,15:30,2,33,72,34.4,69,27.9,47.6,0.4,1.8,127,29.69,29.69,530,5,0,0,0,0,0.5,0.5,sunday
2021-07-25 16:00,16:00,2,33.4,70,34.5,69,28,48,1.4,3.6,125,29.69,29.69,153.8,1,0,0,0,0,0.5,0.5,sunday
2021-07-25 16:30,16:30,2,33.5,70,32.9,77,28.3,46.2,0,0,127,29.69,29.69,139.2,1,0,0,0,0,0.5,0.5,sunday
2021-07-25 17:00,17:00,2,33.4,70,33,74,27.8,45.2,1.4,1.8,154,29.7,29.7,92.7,0,0,0,0,0,0.5,0.5,sunday
2021-07-25 18:00,18:00,1,31.5,70,25.7,91,24.1,25.7,4,5.4,285,29.74,29.74,0,0,6.1,6.1,6.1,6.1,6.6,6.6,sunday
2021-07-26 8:00,8:00,1,29.3,78,28.9,84,26,35.3,0,0,168,29.8,29.8,214.2,2,0,8.6,0,8.6,9.1,9.1,monday
2021-07-26 8:30,8:30,1.5,29.5,77,31.1,78,26.8,40.5,0,0,168,29.8,29.8,530.9,5,0,8.6,0,8.6,9.1,9.1,monday
2021-07-26 9:00,9:00,1,29.8,77,30.7,78,26.4,39.3,2.2,3.6,131,29.8,29.8,679.3,6,0,8.6,0,8.6,9.1,9.1,monday
2021-07-26 9:30,9:30,1,30.1,75,31.7,70,25.6,39.6,0,0,120,29.8,29.8,840.6,8,0,8.6,0,8.6,9.1,9.1,monday
2021-07-26 10:00,10:00,0.5,30.5,70,31.9,68,25.3,39.3,0.7,1.8,104,29.81,29.81,882.7,8,0,8.6,0,8.6,9.1,9.1,monday
2021-07-26 10:30,10:30,2,31.6,65,33,62,24.8,40.2,1.1,1.8,91,29.8,29.8,769.4,7,0,8.6,0,8.6,9.1,9.1,monday
2021-07-26 11:00,11:00,2.5,31.6,71,33.2,70,27,44.2,0,0,114,29.79,29.79,779.5,7,0,8.6,0,8.6,9.1,9.1,monday
2021-07-26 11:30,11:30,1,31.1,73,33.2,70,27,44.2,1.4,1.8,124,29.79,29.79,773.8,7,0,8.6,0,8.6,9.1,9.1,monday
2021-07-26 12:00,12:00,3,31,73,33.6,69,27.2,45,0.4,1.8,136,29.78,29.78,772.5,7,0,8.6,0,8.6,9.1,9.1,monday
2021-07-28 7:00,7:00,2.5,29.4,76,29.5,78,25.3,35.7,0,0,102,29.78,29.78,148.7,1,0,0,0,9.1,9.6,9.6,wednesday
2021-07-28 7:30,7:30,2.5,29.5,75,30.1,76,25.4,36.8,0,0,147,29.78,29.78,340.4,3,0,0,0,9.1,9.6,9.6,wednesday
2021-07-28 8:00,8:00,2.5,29.6,74,30.6,73,25.2,37.4,0,0,143,29.8,29.8,502.6,4,0,0,0,9.1,9.6,9.6,wednesday
2021-07-28 8:30,8:30,1.5,29.9,73,31.6,68,25,38.6,1.1,1.8,124,29.8,29.8,660.6,6,0,0,0,9.1,9.6,9.6,wednesday
2021-07-28 9:00,9:00,2,30.1,74,32,69,25.6,40,0.7,1.8,131,29.8,29.8,836.2,8,0,0,0,9.1,9.6,9.6,wednesday
2021-07-28 9:30,9:30,2,30.5,77,31.9,71,26,40.4,2.5,3.6,131,29.8,29.8,938.6,9,0,0,0,9.1,9.6,9.6,wednesday
2021-07-28 10:00,10:00,2.5,30.6,74,32.7,68,26.1,41.8,2.5,3.6,143,29.82,29.82,698.7,6,0,0,0,9.1,9.6,9.6,wednesday
2021-07-28 10:30,10:30,2.5,30.8,73,32.3,70,26.1,41.2,0.7,1.8,143,29.81,29.81,396.8,3,0,0,0,9.1,9.6,9.6,wednesday
2021-07-28 11:00,11:00,2.5,30.9,72,32.5,69,26.1,41.5,0.4,1.8,147,29.78,29.78,847.1,8,0,0,0,9.1,9.6,9.6,wednesday
2021-07-28 11:30,11:30,2.5,31.2,71,32.8,68,26.1,41.9,2.9,3.6,186,29.78,29.78,848,8,0,0,0,9.1,9.6,9.6,wednesday
2021-07-28 12:00,12:00,3.5,31.5,70,32.9,67,26,41.8,4,7.2,97,29.78,29.78,486.2,4,0,0,0,9.1,9.6,9.6,wednesday
2021-07-28 12:30,12:30,2,31.7,70,33.3,66,26.1,42.6,2.2,3.6,141,29.77,29.77,544.3,5,0,0,0,9.1,9.6,9.6,wednesday
2021-07-28 13:00,13:00,1.5,31.9,70,33.7,69,27.3,45.3,3.6,7.2,137,29.76,29.76,473.1,4,0,0,0,9.1,9.6,9.6,wednesday
2021-07-28 13:30,13:30,1.5,32.1,70,34.2,67,27.2,46.1,0,0,128,29.75,29.75,776.9,7,0,0,0,9.1,9.6,9.6,wednesday
2021-07-28 14:00,14:00,2.5,32.3,70,33.8,68,27.1,45.1,3.2,5.4,150,29.73,29.73,698.7,6,0,0,0,9.1,9.6,9.6,wednesday
2021-07-28 14:30,14:30,3,32.5,70,34,70,27.8,46.8,0.4,1.8,137,29.72,29.72,488.8,4,0,0,0,9.1,9.6,9.6,wednesday
2021-07-28 15:00,15:00,2.5,32.6,71,33.4,72,27.7,45.7,0.7,1.8,130,29.71,29.71,488.8,4,0,0,0,9.1,9.6,9.6,wednesday
2021-07-28 15:30,15:30,2.5,32.9,71,33.2,74,28,46.1,2.2,3.6,116,29.71,29.71,133.5,1,0,0,0,9.1,9.6,9.6,wednesday
2021-07-28 16:00,16:00,2.5,33.4,71,32.6,76,27.8,44.8,2.9,3.6,113,29.71,29.71,124,1,0,0,0,9.1,9.6,9.6,wednesday
2021-07-28 16:30,16:30,2.5,33.4,70,31.3,81,27.6,42.2,5.8,7.2,61,29.72,29.72,57.6,0,0,0,0,9.1,9.6,9.6,wednesday
2021-07-28 17:00,17:00,1.5,32.6,73,31.3,81,27.6,42.2,1.4,1.8,125,29.72,29.72,93.5,0,0,0,0,9.1,9.6,9.6,wednesday
2021-07-28 17:30,17:30,0,32.3,74,30.3,84,27.3,39.7,1.4,1.8,123,29.72,29.72,16,0,0,0,0,9.1,9.6,9.6,wednesday
2021-07-28 18:00,18:00,0.5,32,74,29.9,86,27.3,39.1,1.4,1.8,115,29.75,29.75,0,0,0,0,0,9.1,9.6,9.6,wednesday
2021-07-28 18:30,18:30,2.5,31.7,75,29.9,87,27.5,39.3,1.4,3.6,103,29.75,29.75,0,0,0,0,0,9.1,9.6,9.6,wednesday
2021-07-28 19:00,19:00,3,31.6,76,29.9,87,27.5,39.3,2.2,3.6,114,29.77,29.77,0,0,0,0,0,9.1,9.6,9.6,wednesday
2021-07-28 19:30,19:30,3,31.5,76,29.7,88,27.5,39.1,0,0,103,29.78,29.78,0,0,0,0,0,9.1,9.6,9.6,wednesday
2021-07-28 20:00,20:00,2.5,31.2,78,28.6,93,27.4,36.4,1.1,1.8,110,29.78,29.78,0,0,0,0,0,9.1,9.6,9.6,wednesday
2021-07-28 20:30,20:30,2.5,31.1,79,28.5,93,27.3,36,0,0,119,29.8,29.8,0,0,0,0,0,9.1,9.6,9.6,wednesday
2021-07-28 21:00,21:00,2,31,79,28.7,93,27.5,36.8,0,0,96,29.81,29.81,0,0,0,0,0,9.1,9.6,9.6,wednesday
2021-07-28 21:30,21:30,1.5,31,79,28.2,93,27,35.1,0,0,130,29.81,29.81,0,0,0,0,0,9.1,9.6,9.6,wednesday
2021-07-28 22:00,22:00,1.5,30.9,79,28.2,93,27,35.1,0,0,129,29.82,29.82,0,0,0,0,0,9.1,9.6,9.6,wednesday
2021-07-28 22:30,22:30,1.5,30.8,79,28,94,26.9,34.4,0,0,129,29.82,29.82,0,0,0,0,0,9.1,9.6,9.6,wednesday
2021-07-29 6:30,6:30,1.5,29.9,75,27.5,85,24.8,31.5,1.4,1.8,150,29.8,29.8,119.2,1,0,0,0,9.1,9.6,9.6,thursday
2021-07-29 7:00,7:00,2,29.9,74,29.6,78,25.4,36,0,0,158,29.8,29.8,307,3,0,0,0,9.1,9.6,9.6,thursday
2021-07-29 7:30,7:30,1.5,30,75,29.8,79,25.8,36.7,0.4,1.8,163,29.81,29.81,401.6,3,0,0,0,9.1,9.6,9.6,thursday
2021-07-29 8:00,8:00,2,30.1,75,31.5,74,26.3,40.3,0,0,124,29.81,29.81,559,5,0,0,0,9.1,9.6,9.6,thursday
2021-07-29 8:30,8:30,2,30.3,75,32,72,26.3,41.1,1.4,1.8,115,29.82,29.82,744.7,7,0,0,0,9.1,9.6,9.6,thursday
2021-07-29 9:00,9:00,2.5,30.5,77,32.4,71,26.5,41.9,0,0,105,29.82,29.82,944.3,9,0,0,0,9.1,9.6,9.6,thursday
2021-07-29 9:30,9:30,2.5,30.8,75,33.1,70,26.9,43.8,2.2,3.6,119,29.81,29.81,853.6,8,0,0,0,9.1,9.6,9.6,thursday
2021-07-29 10:00,10:00,3,30.9,74,32.8,70,26.6,42.8,2.9,5.4,106,29.8,29.8,779,7,0,0,0,9.1,9.6,9.6,thursday
2021-07-29 10:30,10:30,3,30.9,74,32.9,70,26.7,43.1,0,0,123,29.8,29.8,767.4,7,0,0,0,9.1,9.6,9.6,thursday
2021-07-29 11:00,11:00,3.5,31.2,74,33.1,71,27.2,44.3,1.1,1.8,93,29.79,29.79,765.5,7,0,0,0,9.1,9.6,9.6,thursday
2021-07-29 11:30,11:30,3.5,31.6,73,32.9,71,27,43.5,2.9,5.4,111,29.77,29.77,776.4,7,0,0,0,9.1,9.6,9.6,thursday
2021-07-29 12:00,12:00,1.5,31.8,72,33.7,68,27,44.8,1.1,1.8,128,29.76,29.76,760.8,7,0,0,0,9.1,9.6,9.6,thursday
2021-07-29 12:30,12:30,2,31.9,70,33.5,67,26.5,43.7,5.8,7.2,228,29.75,29.75,780.3,7,0,0,0,9.1,9.6,9.6,thursday
2021-07-29 13:00,13:00,1,32.2,69,34.3,65,26.8,45.2,0.4,1.8,116,29.74,29.74,753.9,7,0,0,0,9.1,9.6,9.6,thursday
2021-07-29 13:30,13:30,1,32.3,68,34.2,64,26.4,44.6,0.4,1.8,134,29.73,29.73,725.3,7,0,0,0,9.1,9.6,9.6,thursday
2021-07-29 14:00,14:00,1.5,32.4,68,33.6,68,26.9,44.5,1.4,1.8,115,29.72,29.72,678.8,6,0,0,0,9.1,9.6,9.6,thursday
2021-07-29 14:30,14:30,0.5,32.5,69,33.9,68,27.2,45.4,1.4,1.8,187,29.71,29.71,601.1,5,0,0,0,9.1,9.6,9.6,thursday
2021-07-29 15:00,15:00,0.5,32.6,70,33.8,69,27.3,45.5,3.6,7.2,119,29.71,29.71,513.1,5,0,0,0,9.1,9.6,9.6,thursday
2021-07-29 15:30,15:30,1.5,32.9,70,33.2,74,28,46.1,0.7,1.8,135,29.71,29.71,91,0,0,0,0,9.1,9.6,9.6,thursday
2021-07-29 16:00,16:00,2,33.2,71,32.6,76,27.8,44.8,1.4,5.4,212,29.7,29.7,130,1,0,0,0,9.1,9.6,9.6,thursday
2021-07-29 16:30,16:30,2,33.2,71,32.2,78,27.9,44.3,1.4,1.8,140,29.71,29.71,55,0,0,0,0,9.1,9.6,9.6,thursday
2021-07-29 17:00,17:00,1.5,32.9,72,32.2,77,27.7,43.9,1.1,3.6,135,29.72,29.72,76.3,0,0,0,0,9.1,9.6,9.6,thursday
2021-07-29 18:00,18:00,1.5,32.2,74,30.7,84,27.7,41.3,1.4,1.8,186,29.75,29.75,0,0,0,0,0,9.1,9.6,9.6,thursday
2021-07-29 18:30,18:30,2.5,32,75,30.3,86,27.7,40.4,0,0,118,29.76,29.76,0,0,0,0,0,9.1,9.6,9.6,thursday
2021-07-29 19:00,19:00,3,31.8,76,30.1,87,27.7,40.1,0,0,137,29.77,29.77,0,0,0,0,0,9.1,9.6,9.6,thursday
2021-07-29 19:30,19:30,2.5,31.7,76,29.9,88,27.7,39.7,2.9,3.6,108,29.78,29.78,0,0,0,0,0,9.1,9.6,9.6,thursday
2021-07-29 20:00,20:00,2.5,31.6,77,29.7,89,27.7,39.4,0.4,1.8,107,29.79,29.79,0,0,0,0,0,9.1,9.6,9.6,thursday
2021-07-29 20:30,20:30,2,31.5,78,29.7,90,27.9,39.7,1.1,1.8,109,29.8,29.8,0,0,0,0,0,9.1,9.6,9.6,thursday
2021-07-29 21:00,21:00,1.5,31.4,78,29.6,91,28,39.6,0,0,109,29.81,29.81,0,0,0,0,0,9.1,9.6,9.6,thursday
2021-07-29 21:30,21:30,1.5,31.3,79,29.2,92,27.8,38.4,0,0,109,29.83,29.83,0,0,0,0,0,9.1,9.6,9.6,thursday
2021-07-29 22:00,22:00,2.5,31.2,80,29.2,93,28,38.7,2.2,3.6,108,29.82,29.82,0,0,0,0,0,9.1,9.6,9.6,thursday
2021-07-29 22:30,22:30,2,31.1,80,28.7,94,27.6,37.1,0,0,109,29.83,29.83,0,0,0,0,0,9.1,9.6,9.6,thursday
2021-07-29 23:00,23:00,1.5,30.8,80,27.6,96,26.9,33.4,2.2,3.6,97,29.82,29.82,0,0,0,0,0,9.1,9.6,9.6,thursday
2021-07-29 23:30,23:30,1.5,30.7,80,27.6,96,26.9,33.4,0,0,116,29.81,29.81,0,0,0,0,0,9.1,9.6,9.6,thursday
2021-07-30 7:00,7:00,2.5,29.9,74,28.8,81,25.2,34.3,0,0,102,29.83,29.83,225,2,0,0,0,9.1,9.6,9.6,friday
2021-07-30 7:30,7:30,3,30,74,31.2,72,25.6,38.8,0,0,119,29.84,29.84,346.9,3,0,0,0,9.1,9.6,9.6,friday
2021-07-30 8:00,8:00,2.5,30.2,74,31.8,72,26.1,40.4,1.4,3.6,111,29.84,29.84,627.2,6,0,0,0,9.1,9.6,9.6,friday
2021-07-30 8:30,8:30,2.5,30.3,74,31.8,71,25.9,40.1,2.2,5.4,102,29.84,29.84,791.2,7,0,0,0,9.1,9.6,9.6,friday
2021-07-30 9:00,9:00,2.5,30.5,75,32,75,27,42.3,0.4,1.8,125,29.84,29.84,868.4,8,0,0,0,9.1,9.6,9.6,friday
2021-07-30 9:30,9:30,3,30.7,75,32.6,72,26.9,43.1,6.1,7.2,128,29.83,29.83,799.9,7,0,0,0,9.1,9.6,9.6,friday
2021-07-30 10:00,10:00,3,30.9,74,32.6,71,26.7,42.7,1.4,3.6,131,29.84,29.84,732.6,7,0,0,0,9.1,9.6,9.6,friday
2021-07-30 10:30,10:30,2,31.1,74,32.8,71,26.9,43.2,3.6,7.2,77,29.83,29.83,772.1,7,0,0,0,9.1,9.6,9.6,friday
2021-07-30 11:00,11:00,2,31.5,74,33.3,71,27.3,44.8,2.2,3.6,116,29.82,29.82,776.9,7,0,0,0,9.1,9.6,9.6,friday
2021-07-30 11:30,11:30,2,31.8,73,33.2,71,27.2,44.6,0,0,119,29.81,29.81,740,7,0,0,0,9.1,9.6,9.6,friday
2021-07-30 12:00,12:00,2.5,32,72,33.6,70,27.4,45.4,1.1,1.8,129,29.8,29.8,756.5,7,0,0,0,9.1,9.6,9.6,friday
2021-07-30 12:30,12:30,2.5,32.2,71,33.7,69,27.3,45.3,5.4,9.4,75,29.79,29.79,763.8,7,0,0,0,9.1,9.6,9.6,friday
2021-07-30 13:00,13:00,3,32.3,71,33.8,69,27.3,45.5,1.1,5.4,72,29.77,29.77,726.5,7,0,0,0,9.1,9.6,9.6,friday
2021-07-30 13:30,13:30,2,32.5,70,33.9,68,27.2,45.4,2.9,3.6,135,29.77,29.77,653.6,6,0,0,0,9.1,9.6,9.6,friday
2021-07-30 14:00,14:00,1.5,32.5,70,33.3,69,26.9,43.9,2.2,5.4,127,29.76,29.76,613.7,5,0,0,0,9.1,9.6,9.6,friday
2021-07-30 14:30,14:30,0.5,32.6,70,33.9,68,27.2,45.4,0.4,1.8,185,29.76,29.76,451.5,4,0,0,0,9.1,9.6,9.6,friday
2021-07-30 15:00,15:00,1,32.7,69,33.5,69,27.1,44.6,6.5,9.4,155,29.76,29.76,426.3,4,0,0,0,9.1,9.6,9.6,friday
2021-07-30 15:30,15:30,1,33,68,33.1,70,26.9,43.8,2.9,5.4,148,29.75,29.75,104.9,1,0,0,0,9.1,9.6,9.6,friday
2021-07-30 16:00,16:00,1.5,33.3,67,32.4,72,26.7,42.3,4,7.2,249,29.75,29.75,175.6,1,0,0,0,9.1,9.6,9.6,friday
2021-07-30 16:30,16:30,0.5,33,66,32.3,68,25.7,40.4,2.9,5.4,124,29.76,29.76,99.7,1,0,0,0,9.1,9.6,9.6,friday
2021-07-30 17:00,17:00,1,32.6,68,31.1,80,27.3,41.2,3.6,3.6,198,29.77,29.77,22.8,0,0,0,0,9.1,9.6,9.6,friday
2021-07-30 18:30,18:30,1.5,31.8,74,30.1,84,27.1,39.2,0.4,1.8,126,29.8,29.8,0,0,0,0,0,9.1,9.6,9.6,friday
2021-07-30 19:00,19:00,2,31.7,75,30,85,27.2,39.1,1.1,1.8,109,29.81,29.81,0,0,0,0,0,9.1,9.6,9.6,friday
2021-07-30 19:30,19:30,2.5,31.6,75,29.9,86,27.3,39.1,0,0,145,29.81,29.81,0,0,0,0,0,9.1,9.6,9.6,friday
2021-07-30 20:00,20:00,2.5,31.5,76,29.7,86,27.1,38.5,0,0,130,29.82,29.82,0,0,0,0,0,9.1,9.6,9.6,friday
2021-07-30 20:30,20:30,2,31.4,76,28.9,90,27.1,36.7,0,0,102,29.83,29.83,0,0,0,0,0,9.1,9.6,9.6,friday
2021-07-30 21:00,21:00,2.5,31.3,76,29.2,89,27.2,37.6,0,0,99,29.84,29.84,0,0,0,0,0,9.1,9.6,9.6,friday
2021-07-30 21:30,21:30,2.5,31.2,77,29.1,90,27.3,37.4,1.4,1.8,94,29.83,29.83,0,0,0,0,0,9.1,9.6,9.6,friday
2021-07-30 22:00,22:00,2.5,31.2,77,29,91,27.4,37.3,1.4,1.8,94,29.83,29.83,0,0,0,0,0,9.1,9.6,9.6,friday
2021-07-30 22:30,22:30,3,31,78,28.2,94,27.1,35.2,0,0,114,29.83,29.83,0,0,0,0,0,9.1,9.6,9.6,friday
2021-07-30 23:00,23:00,3,30.9,78,27.7,95,26.8,33.7,0,0,108,29.82,29.82,0,0,0,0,0,9.1,9.6,9.6,friday
2021-07-31 7:30,7:30,2,29.7,74,29.4,77,24.9,35.1,0.4,1.8,126,29.86,29.86,406,3,0,0,0,9.1,9.6,9.6,saturday
2021-07-31 8:00,8:00,2,30.2,72,31.8,67,24.9,38.7,2.9,3.6,133,29.85,29.85,740,7,0,0,0,9.1,9.6,9.6,saturday
2021-07-31 8:30,8:30,2.5,30.6,69,33.1,63,25.1,40.9,0,0,130,29.85,29.85,886.6,8,0,0,0,9.1,9.6,9.6,saturday
2021-07-31 9:00,9:00,2.5,30.9,70,33.8,62,25.5,42.4,1.4,1.8,144,29.84,29.84,807.2,7,0,0,0,9.1,9.6,9.6,saturday
2021-07-31 9:30,9:30,3,31.2,68,33.1,62,24.9,40.6,3.6,5.4,73,29.85,29.85,780.3,7,0,0,0,9.1,9.6,9.6,saturday
2021-07-31 10:00,10:00,3,31.4,68,33.4,66,26.2,42.9,0.4,1.8,131,29.83,29.83,768.2,7,0,0,0,9.1,9.6,9.6,saturday
2021-07-31 10:30,10:30,3,31.7,72,33.5,69,27.1,44.6,2.2,3.6,139,29.82,29.82,782.5,7,0,0,0,9.1,9.6,9.6,saturday
2021-07-31 11:00,11:00,3,31.8,72,33.5,70,27.3,45.1,1.1,3.6,108,29.82,29.82,742.2,7,0,0,0,9.1,9.6,9.6,saturday
2021-07-31 11:30,11:30,3.5,32,72,33.7,71,27.7,46.3,3.6,5.4,133,29.8,29.8,761.6,7,0,0,0,9.1,9.6,9.6,saturday
2021-07-31 12:00,12:00,3.5,32.2,73,33.6,72,27.9,46.4,3.2,5.4,133,29.79,29.79,753.1,7,0,0,0,9.1,9.6,9.6,saturday
2021-07-31 12:30,12:30,5.5,32.4,73,33.7,71,27.7,46.3,2.9,5.4,118,29.78,29.78,601.1,5,0,0,0,9.1,9.6,9.6,saturday
2021-07-31 13:00,13:00,5,32.4,72,33.6,71,27.6,45.9,4.7,7.2,114,29.76,29.76,648.5,6,0,0,0,9.1,9.6,9.6,saturday
2021-07-31 13:30,13:30,5,32.5,71,33.4,70,27.2,44.7,2.2,3.6,111,29.77,29.77,629.7,6,0,0,0,9.1,9.6,9.6,saturday
2021-07-31 14:00,14:00,4.5,32.6,70,33.6,67,26.6,44.1,2.2,3.6,195,29.77,29.77,540.8,5,0,0,0,9.1,9.6,9.6,saturday
2021-07-31 14:30,14:30,1.5,32.7,69,33.6,69,27.2,45,1.4,1.8,129,29.77,29.77,449.8,4,0,0,0,9.1,9.6,9.6,saturday
2021-07-31 15:00,15:00,1,33,68,33,70,26.8,43.4,1.1,1.8,156,29.77,29.77,139.2,1,0,0,0,9.1,9.6,9.6,saturday
2021-07-31 15:30,15:30,2,33.1,67,32.8,71,26.9,43.2,0,0,123,29.77,29.77,98.3,1,0,0,0,9.1,9.6,9.6,saturday
2021-07-31 16:00,16:00,1.5,33,68,32.2,73,26.8,42.2,0,0,125,29.78,29.78,87.5,0,0,0,0,9.1,9.6,9.6,saturday
2021-07-31 16:30,16:30,2,32.6,70,31.3,78,27,41.1,4.3,5.4,166,29.79,29.79,59.3,0,0,0,0,9.1,9.6,9.6,saturday
2021-07-31 17:00,17:00,2,32.3,72,30.3,83,27.1,39.4,1.8,3.6,143,29.79,29.79,6.8,0,0,0,0,9.1,9.6,9.6,saturday
2021-07-31 17:30,17:30,0,31.9,74,29.8,85,27,38.4,1.8,1.8,182,29.8,29.8,0,0,0,0,0,9.1,9.6,9.6,saturday
2021-07-31 18:30,18:30,2,31.5,75,29.4,86,26.8,37.3,0.4,1.8,160,29.83,29.83,0,0,0,0,0,9.1,9.6,9.6,saturday
2021-07-31 19:00,19:00,2,31.4,75,29.5,86,26.9,37.7,0,0,137,29.84,29.84,0,0,0,0,0,9.1,9.6,9.6,saturday
2021-07-31 19:30,19:30,2.5,31.3,76,29.5,88,27.3,38.3,0,0,133,29.85,29.85,0,0,0,0,0,9.1,9.6,9.6,saturday
2021-07-31 20:00,20:00,2.5,31.3,76,29.5,88,27.3,38.3,0.4,1.8,108,29.86,29.86,0,0,0,0,0,9.1,9.6,9.6,saturday
2021-07-31 20:30,20:30,3,31.2,77,29.4,89,27.4,38.2,1.4,1.8,121,29.86,29.86,0,0,0,0,0,9.1,9.6,9.6,saturday
2021-07-31 21:00,21:00,3,31.2,77,29.3,90,27.5,38.1,1.1,1.8,98,29.86,29.86,0,0,0,0,0,9.1,9.6,9.6,saturday
2021-07-31 21:30,21:30,3.5,31.1,77,29.3,91,27.7,38.3,0,0,98,29.86,29.86,0,0,0,0,0,9.1,9.6,9.6,saturday
2021-07-31 22:00,22:00,4,31.1,77,29.1,92,27.7,37.9,0,0,98,29.85,29.85,0,0,0,0,0,9.1,9.6,9.6,saturday
2021-09-04 7:30,7:30,1,28.7,74,28.7,78,24.5,33.6,2.9,3.6,105,29.8,29.8,295.8,2,0,0,0,0.3,0,94.5,saturday
2021-09-04 8:00,8:00,1,28.9,74,29.9,74,24.8,35.7,1.1,1.8,135,29.8,29.8,407.7,3,0,0,0,0.3,0,94.5,saturday
2021-09-04 8:30,8:30,1.5,29.1,73,30.8,71,25,37.3,2.2,3.6,99,29.82,29.82,627.2,6,0,0,0,0.3,0,94.5,saturday
2021-09-04 9:00,9:00,1.5,29.4,71,32,65,24.6,38.6,1.1,1.8,105,29.82,29.82,825,8,0,0,0,0.3,0,94.5,saturday
2021-09-04 9:30,9:30,1,29.9,69,32,63,24.1,38,3.6,5.4,129,29.81,29.81,224.6,2,0,0,0,0.3,0,94.5,saturday
2021-09-04 10:00,10:00,2,30.3,68,33.9,59,24.8,41.4,1.1,1.8,115,29.81,29.81,912.2,8,0,0,0,0.3,0,94.5,saturday
2021-09-04 10:30,10:30,1.5,30.5,67,32.5,62,24.3,38.9,1.1,1.8,137,29.8,29.8,299.7,2,0,0,0,0.3,0,94.5,saturday
2021-09-04 11:00,11:00,2.5,30.8,66,33.3,62,25.1,41,2.9,5.4,114,29.78,29.78,195.9,1,0,0,0,0.3,0,94.5,saturday
2021-09-04 11:30,11:30,2,31.1,65,33.2,60,24.4,40.1,1.8,3.6,119,29.78,29.78,882.2,8,0,0,0,0.3,0,94.5,saturday
2021-09-04 12:00,12:00,2,31.3,64,32.8,60,24,38.9,1.1,1.8,138,29.76,29.76,304,2,0,0,0,0.3,0,94.5,saturday
2021-09-04 12:30,12:30,1.5,31.1,67,33,66,25.8,41.8,1.4,1.8,126,29.74,29.74,546.9,5,0,0,0,0.3,0,94.5,saturday
2021-09-04 13:00,13:00,1,30.9,71,30.8,77,26.3,39.2,2.9,3.6,121,29.73,29.73,92.7,0,0,0,0,0.3,0,94.5,saturday
2021-09-04 13:30,13:30,2,30.8,71,31,74,25.8,38.8,1.4,1.8,137,29.71,29.71,681.9,6,0,0,0,0.3,0,94.5,saturday
2021-09-04 14:00,14:00,1.5,30.7,72,31,76,26.3,39.5,5.8,9.4,99,29.7,29.7,313.5,3,0,0,0,0.3,0,94.5,saturday
2021-09-04 14:30,14:30,1,31,73,31.9,74,26.7,41.6,3.6,7.2,109,29.7,29.7,222.5,2,0,0,0,0.3,0,94.5,saturday
2021-09-04 15:00,15:00,0.5,31.1,71,31.4,75,26.5,40.3,4.7,7.2,75,29.69,29.69,193.4,1,0,0,0,0.3,0,94.5,saturday
2021-09-04 15:30,15:30,0.5,31.3,71,32.3,71,26.4,41.6,1.4,1.8,125,29.68,29.68,163.9,1,0,0,0,0.3,0,94.5,saturday
2021-09-04 16:00,16:00,0,31.4,72,31.7,76,27,41.8,6.5,9.4,87,29.68,29.68,99.3,0,0,0,0,0.3,0,94.5,saturday
2021-09-04 16:30,16:30,0,31.3,72,31.3,73,25.9,39.3,3.2,5.4,101,29.69,29.69,84,0,0,0,0,0.3,0,94.5,saturday
2021-09-04 17:00,17:00,0,31.2,71,31.2,74,26,39.5,0.4,1.8,101,29.71,29.71,30.7,0,0,0,0,0.3,0,94.5,saturday
2021-09-04 18:00,18:00,0.5,30.9,72,30.5,76,25.8,38,0,0,106,29.74,29.74,0,0,0,0,0,0.3,0,94.5,saturday
2021-09-04 18:30,18:30,0.5,30.8,72,30.4,77,25.9,37.9,0,0,154,29.75,29.75,0,0,0,0,0,0.3,0,94.5,saturday
2021-09-04 19:00,19:00,0.5,30.7,72,30.1,76,25.4,36.8,0,0,155,29.77,29.77,0,0,0,0,0,0.3,0,94.5,saturday
2021-09-04 19:30,19:30,1,30.6,72,29.9,76,25.2,36.2,0,0,156,29.78,29.78,0,0,0,0,0,0.3,0,94.5,saturday
2021-09-04 20:00,20:00,0.5,30.6,72,29.6,76,24.9,35.5,0,0,160,29.79,29.79,0,0,0,0,0,0.3,0,94.5,saturday
2021-09-04 20:30,20:30,1,30.5,72,29.3,76,24.6,34.6,0,0,162,29.8,29.8,0,0,0,0,0,0.3,0,94.5,saturday
2021-09-05 14:00,14:00,0,31.7,72,33.8,72,28.1,47,2.9,5.4,105,29.68,29.68,189.9,1,0,0,0,0,0,94.5,sunday
2021-09-05 14:30,14:30,0.5,31.7,72,32.7,73,27.2,43.8,1.4,3.6,113,29.68,29.68,94.5,0,0,0,0,0,0,94.5,sunday
2021-09-05 15:00,15:00,1.5,31.5,72,33.2,68,26.5,43.3,0,0,118,29.69,29.69,134.4,1,0,0,0,0,0,94.5,sunday
2021-09-05 15:30,15:30,2,31.6,71,32.8,65,25.4,40.8,0.4,1.8,110,29.69,29.69,110.5,1,0,0,0,0,0,94.5,sunday
2021-09-05 16:00,16:00,1,31.6,72,31.5,74,26.3,40.3,4,5.4,151,29.7,29.7,37.6,0,0,0,0,0,0,94.5,sunday
2021-09-05 16:30,16:30,0.5,31.4,69,31.2,71,25.3,38.5,4,5.4,278,29.71,29.71,27.2,0,0,0,0,0,0,94.5,sunday
2021-09-05 17:00,17:00,0,31.2,70,30.6,75,25.7,38,1.4,1.8,117,29.72,29.72,4.2,0,0,0,0,0,0,94.5,sunday
2021-09-05 18:00,18:00,1,31,71,30.1,77,25.6,37.1,0,0,99,29.75,29.75,0,0,0,0,0,0,0,94.5,sunday
2021-09-05 18:30,18:30,0.5,30.9,71,29.6,78,25.4,36,0.4,1.8,99,29.76,29.76,0,0,0,0,0,0,0,94.5,sunday
2021-09-05 19:00,19:00,0.5,30.9,72,29.2,79,25.2,35.1,0,0,99,29.76,29.76,0,0,0,0,0,0,0,94.5,sunday
2021-09-05 19:30,19:30,0,30.8,71,29.1,75,24.3,33.9,0,0,99,29.78,29.78,0,0,0,0,0,0,0,94.5,sunday
2021-09-05 20:00,20:00,0,30.7,71,29.1,74,24,33.7,0,0,99,29.79,29.79,0,0,0,0,0,0,0,94.5,sunday
2021-09-06 7:00,7:00,0,29.5,72,29,76,24.4,33.9,1.4,1.8,138,29.8,29.8,361.7,3,0,0,0,0,0,94.5,monday
2021-09-06 7:30,7:30,0,29.6,71,30.6,71,24.8,36.8,0.4,1.8,141,29.8,29.8,365.1,3,0,0,0,0,0,94.5,monday
2021-09-06 8:30,8:30,0,30.1,71,30.8,73,25.4,37.9,3.2,3.6,129,29.79,29.79,388.6,3,0,0,0,0,0,94.5,monday
2021-09-06 9:30,9:30,0,30.5,70,32.9,64,25.2,40.7,3.6,5.4,327,29.79,29.79,930.8,9,0,0,0,0,0,94.5,monday
2021-09-06 10:00,10:00,0,31.2,65,34.7,55,24.4,42,2.2,3.6,53,29.77,29.77,491.9,4,0,0,0,0,0,94.5,monday
2021-09-06 10:30,10:30,1,32,59,35.1,50,23.2,40.9,11.5,13,224,29.77,29.77,835.4,8,0,0,0,0,0,94.5,monday
2021-09-06 11:00,11:00,1.5,32.4,57,35.3,49,23,40.9,7.9,9.4,37,29.76,29.76,908.8,8,0,0,0,0,0,94.5,monday
2021-09-06 12:00,12:00,0,32.2,66,32.8,71,26.9,43.2,2.9,7.2,131,29.73,29.73,843.7,8,0,0,0,0,0,94.5,monday
2021-09-06 13:00,13:00,1,32.1,69,33.1,72,27.4,44.7,5.4,7.2,111,29.72,29.72,732.6,7,0,0,0,0,0,94.5,monday
2021-09-06 13:30,13:30,0.5,32.2,69,33.2,72,27.5,45.1,2.9,5.4,5,29.69,29.69,665.8,6,0,0,0,0,0,94.5,monday
2021-09-06 15:00,15:00,0,32.2,71,32.4,77,27.8,44.4,0.4,1.8,141,29.69,29.69,212.9,2,0,0,0,0,0,94.5,monday
2021-09-06 15:30,15:30,0.5,32.2,72,31.6,80,27.8,42.9,2.2,3.6,131,29.7,29.7,120.1,1,0,0,0,0,0,94.5,monday
2021-09-06 16:00,16:00,1,32.2,72,31.7,80,27.9,43.3,3.2,3.6,96,29.71,29.71,112.6,1,0,0,0,0,0,94.5,monday
2021-09-06 16:30,16:30,2,32,73,30.6,83,27.4,40.6,0,0,119,29.72,29.72,29.4,0,0,0,0,0,0,94.5,monday
2021-09-06 17:00,17:00,1,31.8,73,30.5,81,26.9,39.6,0,0,112,29.72,29.72,3.7,0,0,0,0,0,0,94.5,monday
2021-09-06 18:30,18:30,1,31.5,74,30.1,85,27.3,39.5,0,0,120,29.77,29.77,0,0,0,0,0,0,0,94.5,monday
2021-09-06 19:00,19:00,1,31.4,74,30.1,84,27.1,39.2,0,0,102,29.78,29.78,0,0,0,0,0,0,0,94.5,monday
2021-09-06 19:30,19:30,1,31.4,73,30.2,83,27,39.2,0,0,103,29.79,29.79,0,0,0,0,0,0,0,94.5,monday
2021-09-06 20:00,20:00,0.5,31.3,74,29.6,85,26.8,37.8,0,0,103,29.81,29.81,0,0,0,0,0,0,0,94.5,monday
2021-09-06 20:30,20:30,1,31.2,74,29.2,85,26.4,36.6,0,0,114,29.81,29.81,0,0,0,0,0,0,0,94.5,monday
2021-09-06 21:00,21:00,1.5,31.2,73,28.9,78,24.7,34,0,0,152,29.82,29.82,0,0,0,0,0,0,0,94.5,monday
2021-09-07 7:30,7:30,1,30,71,32.5,66,25.3,40.4,0,0,121,29.84,29.84,570.4,5,0,0,0,0,0,94.5,tuesday
2021-09-07 8:00,8:00,1,30.2,71,31.5,68,24.9,38.3,0,0,103,29.84,29.84,697.9,6,0,0,0,0,0,94.5,tuesday
2021-09-07 8:30,8:30,1,30.4,71,31,71,25.1,37.9,4,7.2,84,29.83,29.83,758.2,7,0,0,0,0,0,94.5,tuesday
2021-09-07 9:00,9:00,0.5,30.6,70,31.9,69,25.5,39.7,5,7.2,126,29.83,29.83,735.7,7,0,0,0,0,0,94.5,tuesday
2021-09-07 9:30,9:30,0.5,30.8,70,32,69,25.6,40,5.4,7.2,104,29.82,29.82,784.2,7,0,0,0,0,0,94.5,tuesday
2021-09-07 10:00,10:00,0.5,30.9,69,33,66,25.8,41.8,2.2,5.4,125,29.82,29.82,791.6,7,0,0,0,0,0,94.5,tuesday
2021-09-07 10:30,10:30,0,31.1,69,32.9,66,25.7,41.4,2.9,5.4,155,29.8,29.8,791.6,7,0,0,0,0,0,94.5,tuesday
2021-09-07 11:00,11:00,0.5,31.3,69,33.6,66,26.4,43.6,2.2,3.6,108,29.79,29.79,808.5,7,0,0,0,0,0,94.5,tuesday
2021-09-07 11:30,11:30,0.5,31.5,69,33.3,67,26.3,43.1,4.3,5.4,234,29.77,29.77,726.5,7,0,0,0,0,0,94.5,tuesday
2021-09-07 12:00,12:00,0.5,31.6,69,33.8,65,26.3,43.7,4.3,7.2,160,29.76,29.76,753.1,7,0,0,0,0,0,94.5,tuesday
2021-09-07 12:30,12:30,1.5,31.7,70,33.1,71,27.2,44.3,1.1,1.8,127,29.75,29.75,537,5,0,0,0,0,0,94.5,tuesday
2021-09-07 13:00,13:00,1,31.8,72,32.8,74,27.6,44.5,0.4,1.8,130,29.73,29.73,627.2,6,0,0,0,0,0,94.5,tuesday
2021-09-07 13:30,13:30,1,31.9,73,33.3,73,27.8,45.7,0.7,1.8,132,29.72,29.72,588.6,5,0,0,0,0,0,94.5,tuesday
2021-09-07 14:00,14:00,0.5,32,73,32.8,76,28,45.4,0.4,1.8,165,29.71,29.71,514.9,5,0,0,0,0,0,94.5,tuesday
2021-09-07 15:00,15:00,0,32,73,32.3,78,28,44.5,2.2,5.4,111,29.7,29.7,85.8,0,0,0,0,0,0,94.5,tuesday
2021-09-07 15:30,15:30,0,32,74,32,79,27.9,43.9,0.4,1.8,122,29.7,29.7,64.5,0,0,0,0,0,0,94.5,tuesday
2021-09-07 16:00,16:00,0.5,32,74,31.6,80,27.8,42.9,0,0,122,29.7,29.7,47.2,0,0,0,0,0,0,94.5,tuesday
2021-09-07 16:30,16:30,0.5,31.8,75,31.1,83,27.9,42.3,0.4,1.8,127,29.71,29.71,20.7,0,0,0,0,0,0,94.5,tuesday
2021-09-07 17:00,17:00,1,31.6,75,30.4,83,27.2,39.8,0,0,147,29.72,29.72,0,0,0,0,0,0,0,94.5,tuesday
2021-09-07 19:00,19:00,1,31.1,79,29.5,91,27.9,39.1,1.1,1.8,106,29.79,29.79,0,0,0,0,0,0,0,94.5,tuesday
2021-09-07 19:30,19:30,2,31,80,29.3,91,27.7,38.3,1.1,1.8,92,29.8,29.8,0,0,0,0,0,0,0,94.5,tuesday
2021-09-07 20:00,20:00,2,31,79,29.3,90,27.5,38.1,1.8,3.6,113,29.81,29.81,0,0,0,0,0,0,0,94.5,tuesday
2021-09-07 20:30,20:30,2,30.9,81,29.1,93,27.9,38.2,1.1,1.8,65,29.83,29.83,0,0,0,0,0,0,0,94.5,tuesday
2021-09-07 21:00,21:00,2,30.8,80,29.2,90,27.4,37.8,2.5,3.6,23,29.83,29.83,0,0,0,0,0,0,0,94.5,tuesday
2021-09-07 21:30,21:30,2,30.7,78,29.2,86,26.6,36.8,2.9,3.6,84,29.84,29.84,0,0,0,0,0,0,0,94.5,tuesday
2021-09-07 22:00,22:00,3,30.8,77,29.2,83,26,36.1,0,0,95,29.84,29.84,0,0,0,0,0,0,0,94.5,tuesday
2021-09-07 22:30,22:30,3,30.8,76,29,84,26.1,35.6,1.8,1.8,76,29.83,29.83,0,0,0,0,0,0,0,94.5,tuesday
2021-09-07 23:00,23:00,3,30.8,76,29,84,26.1,35.6,1.8,1.8,76,29.83,29.83,0,0,0,0,0,0,0,94.5,tuesday
2021-09-07 23:30,23:30,3,30.8,76,28.3,87,25.9,34.1,1.4,1.8,171,29.83,29.83,0,0,0,0,0,0,0,94.5,tuesday
2021-09-08 7:30,7:30,2,29.8,73,29,81,25.4,34.9,1.1,1.8,113,29.85,29.85,229.3,2,0,0,0,0,0,94.5,wednesday
2021-09-08 8:00,8:00,2,29.9,73,30.7,75,25.8,38.3,0,0,127,29.86,29.86,570.8,5,0,0,0,0,0,94.5,wednesday
2021-09-08 8:30,8:30,1.5,30,73,31,74,25.8,38.8,1.1,1.8,93,29.87,29.87,484.4,4,0,0,0,0,0,94.5,wednesday
2021-09-08 9:00,9:00,1.5,30.2,73,31.4,73,26,39.7,0,0,115,29.87,29.87,668.9,6,0,0,0,0,0,94.5,wednesday
2021-09-08 9:30,9:30,1.5,30.4,73,30.8,76,26.1,38.8,2.9,3.6,138,29.87,29.87,759.9,7,0,0,0,0,0,94.5,wednesday
2021-09-08 10:00,10:00,1.5,30.6,73,31.8,74,26.6,41.2,0.7,1.8,120,29.86,29.86,783.4,7,0,0,0,0,0,94.5,wednesday
2021-09-08 10:30,10:30,2,30.7,72,31.7,72,26,40.3,0,0,135,29.85,29.85,750,7,0,0,0,0,0,94.5,wednesday
2021-09-08 11:00,11:00,2.5,30.9,71,32.7,69,26.3,42.2,0,0,116,29.84,29.84,749.1,7,0,0,0,0,0,94.5,wednesday
2021-09-08 11:30,11:30,3,31.1,71,32.9,67,26,41.8,1.4,1.8,102,29.83,29.83,804.2,7,0,0,0,0,0,94.5,wednesday
2021-09-08 12:00,12:00,3,31.3,70,33.4,64,25.7,42.1,3.2,7.2,129,29.81,29.81,745.2,7,0,0,0,0,0,94.5,wednesday
2021-09-08 12:30,12:30,1,31.4,68,33.8,63,25.8,42.8,4,7.2,123,29.8,29.8,748.3,7,0,0,0,0,0,94.5,wednesday
2021-09-08 13:00,13:00,0.5,31.6,68,33.9,66,26.7,44.5,1.4,1.8,110,29.77,29.77,765.5,7,0,0,0,0,0,94.5,wednesday
2021-09-08 13:30,13:30,0.5,31.7,70,32.9,71,27,43.5,2.2,3.6,118,29.76,29.76,642.3,6,0,0,0,0,0,94.5,wednesday
2021-09-08 14:00,14:00,2,31.8,70,33.2,73,27.7,45.6,0,0,130,29.75,29.75,523.5,5,0,0,0,0,0,94.5,wednesday
2021-09-08 14:30,14:30,2,31.7,72,32.5,75,27.5,44,0,0,124,29.74,29.74,415,4,0,0,0,0,0,94.5,wednesday
2021-09-08 15:00,15:00,1.5,31.7,73,32.3,77,27.7,44.1,0.4,1.8,125,29.73,29.73,122.3,1,0,0,0,0,0,94.5,wednesday
2021-09-08 15:30,15:30,1.5,31.6,74,31.5,78,27.2,41.8,0,0,115,29.73,29.73,75.4,0,0,0,0,0,0,94.5,wednesday
2021-09-08 16:00,16:00,1,31.5,74,31.4,79,27.4,41.8,0.4,1.8,110,29.74,29.74,76.7,0,0,0,0,0,0,94.5,wednesday
2021-09-08 16:30,16:30,1.5,31.6,74,31,81,27.4,41.2,2.2,3.6,133,29.75,29.75,46.7,0,0,0,0,0,0,94.5,wednesday
2021-09-08 17:00,17:00,0.5,31.4,74,30,84,27,38.8,2.2,3.6,95,29.76,29.76,25.5,0,0,0,0,0,0,94.5,wednesday
2021-09-08 18:00,18:00,1,31.2,75,29.6,87,27.2,38.4,0.4,1.8,115,29.78,29.78,0,0,0,0,0,0,0,94.5,wednesday
2021-09-08 18:30,18:30,1.5,31.1,76,29.6,87,27.2,38.4,0,0,107,29.79,29.79,0,0,0,0,0,0,0,94.5,wednesday
2021-09-08 19:00,19:00,2,31.1,76,29.4,88,27.2,37.9,1.8,1.8,110,29.82,29.82,0,0,0,0,0,0,0,94.5,wednesday
2021-09-08 19:30,19:30,2,30.9,77,29.3,89,27.3,37.8,0,0,95,29.83,29.83,0,0,0,0,0,0,0,94.5,wednesday
2021-09-08 20:00,20:00,2.5,30.8,79,29.1,89,27.1,37.2,2.9,3.6,293,29.83,29.83,0,0,0,0,0,0,0,94.5,wednesday
2021-09-08 20:30,20:30,2.5,30.7,79,29,90,27.2,37.1,0,0,106,29.85,29.85,0,0,0,0,0,0,0,94.5,wednesday
2021-09-08 21:30,21:30,1.5,30.6,80,28.9,92,27.5,37.2,0.4,1.8,99,29.86,29.86,0,0,0,0,0,0,0,94.5,wednesday
2021-09-08 22:00,22:00,2,30.6,80,28.6,91,27,35.9,0.4,1.8,119,29.86,29.86,0,0,0,0,0,0,0,94.5,wednesday
2021-09-08 22:30,22:30,2,30.6,78,28.9,86,26.3,35.7,0,0,97,29.86,29.86,0,0,0,0,0,0,0,94.5,wednesday
2021-09-08 23:00,23:00,3,30.5,77,28.7,87,26.3,35.4,3.6,3.6,289,29.85,29.85,0,0,0,0,0,0,0,94.5,wednesday
2021-09-08 23:30,23:30,2.5,30.5,77,28.7,87,26.3,35.4,3.6,3.6,289,29.85,29.85,0,0,0,0,0,0,0,94.5,wednesday
2021-09-10 7:30,7:30,2.5,29.4,74,27.2,87,24.9,31,0.7,1.8,117,29.85,29.85,168.2,1,0,0,0,0,0,94.5,friday
2021-09-10 8:00,8:00,2,29.5,75,28.4,83,25.3,33.6,0,0,121,29.85,29.85,275.8,2,0,0,0,0,0,94.5,friday
2021-09-10 8:30,8:30,2,29.7,74,31.2,74,26,39.5,0.4,1.8,108,29.85,29.85,479.3,4,0,0,0,0,0,94.5,friday
2021-09-10 9:00,9:00,2,29.8,73,31.5,69,25.1,38.6,0,0,122,29.83,29.83,700.4,6,0,0,0,0,0,94.5,friday
2021-09-10 9:30,9:30,1.5,30.1,71,33.5,63,25.5,42,0,0,140,29.82,29.82,871.8,8,0,0,0,0,0,94.5,friday
2021-09-10 10:00,10:00,1.5,30.3,72,32.3,70,26.1,41.2,1.1,1.8,128,29.82,29.82,465.3,4,0,0,0,0,0,94.5,friday
2021-09-10 10:30,10:30,0.5,30.2,73,31,74,25.8,38.8,1.4,1.8,134,29.83,29.83,694,6,0,0,0,0,0,94.5,friday
2021-09-10 11:00,11:00,1,30.4,73,31.9,71,26,40.4,3.6,5.4,107,29.8,29.8,761.6,7,0,0,0,0,0,94.5,friday
2021-09-10 11:30,11:30,1,30.7,72,33,70,26.8,43.4,4,9.4,85,29.79,29.79,779.5,7,0,0,0,0,0,94.5,friday
2021-09-10 12:00,12:00,0.5,31,74,33.1,75,28.1,46.1,1.1,3.6,137,29.76,29.76,759,7,0,0,0,0,0,94.5,friday
2021-09-10 12:30,12:30,1,31.2,76,33,76,28.2,46.2,6.5,7.2,247,29.74,29.74,764.7,7,0,0,0,0,0,94.5,friday
2021-09-10 13:00,13:00,1.5,31.2,76,32.7,76,27.9,45.2,2.2,5.4,205,29.72,29.72,720,7,0,0,0,0,0,94.5,friday
2021-09-10 13:30,13:30,1,31.3,76,33.1,75,28.1,46.1,1.1,1.8,158,29.71,29.71,685.3,6,0,0,0,0,0,94.5,friday
2021-09-10 14:00,14:00,0,31.4,76,33.2,75,28.2,46.5,0.4,1.8,115,29.72,29.72,574.3,5,0,0,0,0,0,94.5,friday
2021-09-10 15:30,15:30,0,31.7,74,33.6,72,27.9,46.4,0,0,121,29.7,29.7,102.2,1,0,0,0,0,0,94.5,friday
2021-09-10 16:00,16:00,0,31.7,75,32.7,76,27.9,45.2,1.8,3.6,122,29.7,29.7,94,0,0,0,0,0,0,94.5,friday
2021-09-10 16:30,16:30,1,31.6,75,32.3,77,27.7,44.1,0.4,1.8,138,29.71,29.71,87.9,0,0,0,0,0,0,94.5,friday
2021-09-10 17:00,17:00,1,31.4,76,30.7,82,27.3,40.6,3.6,5.4,125,29.71,29.71,48.9,0,0,0,0,0,0,94.5,friday
2021-09-10 17:30,17:30,0,31.3,76,30.7,82,27.3,40.6,0,0,137,29.72,29.72,25,0,0,0,0,0,0,94.5,friday
2021-09-10 18:00,18:00,0,31.1,76,31.3,77,26.8,40.7,2.5,3.6,131,29.73,29.73,1.2,0,0,0,0,0,0,94.5,friday
2021-09-10 18:30,18:30,0.5,31,74,30.3,73,24.9,36.5,2.2,3.6,124,29.74,29.74,0,0,0,0,0,0,0,94.5,friday
2021-09-10 19:00,19:00,0.5,30.9,72,29.3,75,24.4,34.3,1.4,1.8,103,29.76,29.76,0,0,0,0,0,0,0,94.5,friday
2021-09-10 19:30,19:30,1,30.6,70,28.6,76,24,32.9,1.1,1.8,112,29.77,29.77,0,0,0,0,0,0,0,94.5,friday
2021-09-10 20:00,20:00,1,30.6,70,29.2,73,23.9,33.8,0.7,1.8,157,29.8,29.8,0,0,0,0,0,0,0,94.5,friday
2021-09-11 8:00,8:00,1.5,29.5,74,29,79,25,34.5,0.4,1.8,113,29.83,29.83,286.2,2,0,0,0,0,0,94.5,saturday
2021-09-11 8:30,8:30,2,29.6,73,29.9,75,25,36,3.2,3.6,108,29.83,29.83,489.7,4,0,0,0,0,0,94.5,saturday
2021-09-11 9:00,9:00,2,29.8,73,31.5,69,25.1,38.6,0,0,122,29.83,29.83,700.4,6,0,0,0,0,0,94.5,saturday
2021-09-11 9:30,9:30,2.5,30.1,71,33.5,63,25.5,42,0,0,140,29.82,29.82,871.8,8,0,0,0,0,0,94.5,saturday
2021-09-11 10:00,10:00,2.5,30.3,72,32.3,70,26.1,41.2,1.1,1.8,128,29.82,29.82,465.3,4,0,0,0,0,0,94.5,saturday
2021-09-11 10:30,10:30,2.5,30.5,72,32.7,68,26.1,41.8,2.5,3.6,116,29.81,29.81,661.9,6,0,0,0,0,0,94.5,saturday
2021-09-11 11:00,11:00,3,30.7,72,33.1,66,25.9,42.1,3.2,5.4,125,29.79,29.79,762.6,7,0,0,0,0,0,94.5,saturday
2021-09-11 11:30,11:30,3,30.8,72,32.8,69,26.4,42.3,4,7.2,115,29.78,29.78,684.4,6,0,0,0,0,0,94.5,saturday
2021-09-11 12:00,12:00,1.5,31,71,33.3,69,26.9,43.9,5.4,7.2,125,29.77,29.77,686.1,6,0,0,0,0,0,94.5,saturday
2021-09-11 12:30,12:30,1.5,31.2,73,32.9,74,27.7,44.8,0,0,123,29.74,29.74,576,5,0,0,0,0,0,94.5,saturday
2021-09-11 13:00,13:00,1,31.4,74,33.2,75,28.2,46.5,1.1,1.8,143,29.73,29.73,599,5,0,0,0,0,0,94.5,saturday
2021-09-11 13:30,13:30,1.5,31.6,75,33.7,72,28,46.8,6.1,7.2,194,29.71,29.71,700.9,6,0,0,0,0,0,94.5,saturday
2021-09-11 14:00,14:00,1.5,31.6,74,34,71,28,47.3,2.9,7.2,192,29.7,29.7,708.3,6,0,0,0,0,0,94.5,saturday
2021-09-11 14:30,14:30,1.5,31.8,74,34.3,71,28.3,48.3,0.4,1.8,144,29.7,29.7,596.8,5,0,0,0,0,0,94.5,saturday
2021-09-11 15:00,15:00,1.5,31.9,74,33.8,72,28.1,47,1.8,3.6,118,29.69,29.69,545.2,5,0,0,0,0,0,94.5,saturday
2021-09-11 15:30,15:30,2.5,32,73,34.6,67,27.6,47.3,3.6,3.6,202,29.69,29.69,178.6,1,0,0,0,0,0,94.5,saturday
2021-09-11 16:00,16:00,1.5,32,73,33,74,27.8,45.2,0,0,131,29.69,29.69,119.6,1,0,0,0,0,0,94.5,saturday
2021-09-11 16:30,16:30,1.5,31.9,74,32.8,76,28,45.4,2.2,3.6,129,29.68,29.68,137.8,1,0,0,0,0,0,94.5,saturday
2021-09-11 17:00,17:00,1.5,31.8,74,31.8,78,27.5,42.8,0,0,145,29.69,29.69,29.8,0,0,0,0,0,0,94.5,saturday
2021-09-11 17:30,17:30,0.5,31.6,74,31.1,81,27.5,41.6,0,0,149,29.71,29.71,23.8,0,0,0,0,0,0,94.5,saturday
2021-09-11 18:00,18:00,2.5,31.5,74,30.9,80,27.1,40.5,0,0,127,29.73,29.73,0.3,0,0,0,0,0,0,94.5,saturday
2021-09-11 18:30,18:30,2.5,31.4,74,31.1,75,26.2,39.5,0,0,146,29.73,29.73,0,0,0,0,0,0,0,94.5,saturday
2021-09-11 19:00,19:00,2.5,31.3,73,30.8,76,26.1,38.8,0.7,1.8,135,29.75,29.75,0,0,0,0,0,0,0,94.5,saturday
2021-09-11 19:30,19:30,2.5,31.2,73,30.9,74,25.7,38.5,0,0,114,29.75,29.75,0,0,0,0,0,0,0,94.5,saturday
2021-09-11 20:00,20:00,2.5,31.2,72,31.1,69,24.8,37.6,0.7,1.8,118,29.77,29.77,0,0,0,0,0,0,0,94.5,saturday
2021-09-11 20:30,20:30,3,31.1,70,30.9,69,24.6,37,0,0,148,29.78,29.78,0,0,0,0,0,0,0,94.5,saturday
2021-09-11 21:00,21:00,2.5,31.1,70,30.2,74,25.1,36.6,0,0,148,29.79,29.79,0,0,0,0,0,0,0,94.5,saturday
2021-09-11 21:30,21:30,3,31,73,29.4,85,26.6,37.1,0,0,140,29.8,29.8,0,0,0,0,0,0,0,94.5,saturday
2021-09-11 22:00,22:00,3.5,31,73,29.2,75,24.3,34.2,1.1,1.8,140,29.8,29.8,0,0,0,0,0,0,0,94.5,saturday
2021-09-12 7:30,7:30,2,29.4,70,27,82,23.7,29.9,1.1,1.8,150,29.77,29.77,162.2,1,0,0,0,0,0,94.5,sunday
2021-09-12 8:00,8:00,1,29.4,70,28.3,76,23.7,32.1,1.1,1.8,156,29.79,29.79,141.7,1,0,0,0,0,0,94.5,sunday
2021-09-12 8:30,8:30,1,29.5,70,29.6,71,23.8,34.3,0,0,114,29.79,29.79,407.2,3,0,0,0,0,0,94.5,sunday
2021-09-12 9:00,9:00,1,29.7,69,30.8,67,24,36.2,0.4,1.8,148,29.79,29.79,435,4,0,0,0,0,0,94.5,sunday
2021-09-12 9:30,9:30,0,30,67,31.8,60,23.1,36.6,1.8,1.8,82,29.8,29.8,780.3,7,0,0,0,0,0,94.5,sunday
2021-09-12 10:00,10:00,0,30.2,67,32,58,22.7,36.4,1.4,3.6,116,29.79,29.79,499.2,4,0,0,0,0,0,94.5,sunday
2021-09-12 10:30,10:30,0.5,30.5,64,33,52,21.9,36.8,0,0,118,29.8,29.8,795.1,7,0,0,0,0,0,94.5,sunday
2021-09-12 11:00,11:00,0,30.9,62,34.1,57,24.4,41.2,1.4,1.8,114,29.79,29.79,793.3,7,0,0,0,0,0,94.5,sunday
2021-09-12 11:30,11:30,0.5,30.9,66,33.1,65,25.7,41.7,2.2,3.6,145,29.77,29.77,727.4,7,0,0,0,0,0,94.5,sunday
2021-09-12 12:00,12:00,0.5,31,65,33.3,61,24.8,40.6,2.2,3.6,108,29.76,29.76,769.4,7,0,0,0,0,0,94.5,sunday
2021-09-12 12:30,12:30,0,31.1,66,33.4,61,24.9,40.9,3.2,5.4,90,29.74,29.74,784.6,7,0,0,0,0,0,94.5,sunday
2021-09-12 13:00,13:00,0,31.3,68,32.9,70,26.7,43.1,0.7,1.8,120,29.73,29.73,774.7,7,0,0,0,0,0,94.5,sunday
2021-09-12 13:30,13:30,0,31.4,69,32.4,70,26.2,41.6,3.2,7.2,234,29.72,29.72,740.4,7,0,0,0,0,0,94.5,sunday
2021-09-12 14:00,14:00,0,31.5,69,33,70,26.8,43.4,1.4,5.4,103,29.71,29.71,703.1,6,0,0,0,0,0,94.5,sunday
2021-09-12 14:30,14:30,1,31.7,69,32.9,71,27,43.5,0.4,1.8,126,29.69,29.69,584.7,5,0,0,0,0,0,94.5,sunday
2021-09-12 15:00,15:00,1,31.8,70,33.2,70,27,44.2,4.7,11.2,131,29.7,29.7,552.5,5,0,0,0,0,0,94.5,sunday
2021-09-12 15:30,15:30,1,31.9,70,32.2,74,27,42.6,2.9,5.4,130,29.69,29.69,144.3,1,0,0,0,0,0,94.5,sunday
2021-09-12 16:00,16:00,1,31.9,70,31.9,77,27.4,42.7,4,7.2,112,29.7,29.7,77.5,0,0,0,0,0,0,94.5,sunday
2021-09-12 16:30,16:30,1.5,31.9,71,31.9,76,27.2,42.3,0,0,121,29.68,29.68,72.4,0,0,0,0,0,0,94.5,sunday
2021-09-12 17:00,17:00,2,31.9,71,31.4,78,27.1,41.4,0.7,1.8,110,29.69,29.69,58.9,0,0,0,0,0,0,94.5,sunday
2021-09-12 17:30,17:30,0,31.8,71,30.9,80,27.1,40.5,0,0,122,29.7,29.7,18.1,0,0,0,0,0,0,94.5,sunday
2021-09-12 18:00,18:00,1,31.6,73,29.9,85,27.1,38.8,0,0,89,29.71,29.71,0.3,0,0,0,0,0,0,94.5,sunday
2021-09-12 18:30,18:30,2,31.4,73,30,83,26.8,38.5,2.2,3.6,124,29.72,29.72,0,0,0,0,0,0,0,94.5,sunday
2021-09-12 19:00,19:00,2,31.2,75,29.6,85,26.8,37.8,1.8,1.8,115,29.73,29.73,0,0,0,0,0,0,0,94.5,sunday
2021-09-12 19:30,19:30,2,31.1,75,29.5,86,26.9,37.7,1.4,1.8,102,29.75,29.75,0,0,0,0,0,0,0,94.5,sunday
2021-09-12 20:00,20:00,2,31,75,29.5,83,26.3,36.9,1.4,1.8,101,29.76,29.76,0,0,0,0,0,0,0,94.5,sunday
2021-09-12 20:30,20:30,3,30.9,75,28.6,87,26.2,35.1,0,0,102,29.76,29.76,0,0,0,0,0,0,0,94.5,sunday
2021-09-12 21:00,21:00,3,30.9,75,28.8,86,26.2,35.4,0,0,100,29.78,29.78,0,0,0,0,0,0,0,94.5,sunday
2021-09-13 10:00,10:00,0.5,29.9,71,31.4,72,25.8,39.3,3.6,9.4,118,29.8,29.8,478.4,4,0,0,0,0,0,94.5,monday
2021-09-13 10:30,10:30,1,30.1,71,31.5,71,25.6,39.3,6.1,7.2,75,29.79,29.79,779,7,0,0,0,0,0,94.5,monday
2021-09-13 11:00,11:00,1.5,30.4,71,31.9,70,25.8,40.1,1.4,3.6,112,29.77,29.77,800.3,7,0,0,0,0,0,94.5,monday
2021-09-13 11:30,11:30,1,30.6,70,32.2,68,25.6,40.3,6.8,9.4,104,29.76,29.76,813.2,7,0,0,0,0,0,94.5,monday
2021-09-13 12:00,12:00,2.5,30.7,70,32.7,66,25.5,41,5.8,9.4,158,29.76,29.76,804.2,7,0,0,0,0,0,94.5,monday
2021-09-13 12:30,12:30,0.5,31,69,32.7,66,25.5,41,2.5,3.6,115,29.74,29.74,812,7,0,0,0,0,0,94.5,monday
2021-09-13 13:00,13:00,1.5,31.1,68,33.3,64,25.6,41.8,2.2,3.6,160,29.72,29.72,772.1,7,0,0,0,0,0,94.5,monday
2021-09-13 13:30,13:30,2,31.3,68,33.2,70,27,44.2,0.4,1.8,110,29.71,29.71,750,7,0,0,0,0,0,94.5,monday
2021-09-13 14:00,14:00,1,31.3,72,33.6,71,27.6,45.9,0.7,1.8,128,29.69,29.69,704,6,0,0,0,0,0,94.5,monday
2021-09-13 14:30,14:30,1.5,31.5,73,33.1,74,27.9,45.6,1.1,1.8,116,29.68,29.68,576,5,0,0,0,0,0,94.5,monday
2021-09-13 15:00,15:00,0.5,31.4,74,32.6,75,27.6,44.3,0.4,1.8,181,29.68,29.68,552.2,5,0,0,0,0,0,94.5,monday
2021-09-13 15:30,15:30,1,31.5,74,32.7,75,27.7,44.7,4,7.2,191,29.67,29.67,100.5,1,0,0,0,0,0,94.5,monday
2021-09-13 16:00,16:00,2,31.5,75,32.1,77,27.6,43.5,2.2,3.6,132,29.67,29.67,65.9,0,0,0,0,0,0,94.5,monday
2021-09-13 16:30,16:30,2,31.6,75,32.7,76,27.9,45.2,0,0,105,29.67,29.67,58.9,0,0,0,0,0,0,94.5,monday
2021-09-13 17:00,17:00,3,31.6,74,32.4,76,27.7,44,1.4,1.8,152,29.67,29.67,48.9,0,0,0,0,0,0,94.5,monday
2021-09-13 17:30,17:30,1,31.6,73,32.4,73,27,42.8,0,0,163,29.68,29.68,25.9,0,0,0,0,0,0,94.5,monday
2021-09-13 18:00,18:00,1.5,31.5,73,32,75,27,42.3,0,0,121,29.68,29.68,3.4,0,0,0,0,0,0,94.5,monday
2021-09-13 18:30,18:30,3,31.4,74,31.3,80,27.5,41.8,0,0,128,29.7,29.7,0,0,0,0,0,0,0,94.5,monday
2021-09-13 19:00,19:00,2.5,31.4,74,31.2,77,26.7,40.5,0,0,95,29.71,29.71,0,0,0,0,0,0,0,94.5,monday
2021-09-13 19:30,19:30,2.5,31.3,71,31.7,69,25.3,39.2,0.4,1.8,96,29.72,29.72,0,0,0,0,0,0,0,94.5,monday
2021-09-13 20:00,20:00,2,31.2,72,31.2,74,26,39.5,0,0,103,29.73,29.73,0,0,0,0,0,0,0,94.5,monday
2021-09-13 20:30,20:30,2.5,31.2,72,31.1,74,25.9,39.2,1.1,1.8,110,29.75,29.75,0,0,0,0,0,0,0,94.5,monday
2021-09-13 21:00,21:00,3,31.1,72,30.7,76,26,38.7,3.6,3.6,93,29.77,29.77,0,0,0,0,0,0,0,94.5,monday
2021-09-13 21:30,21:30,2.5,31,71,30.1,75,25.2,36.6,0,0,144,29.78,29.78,0,0,0,0,0,0,0,94.5,monday
2021-09-13 22:00,22:00,3.5,30.9,71,29.4,74,24.3,34.4,0,0,145,29.78,29.78,0,0,0,0,0,0,0,94.5,monday
2021-09-13 22:30,22:30,3,30.8,70,28.9,73,23.6,33,0,0,145,29.78,29.78,0,0,0,0,0,0,0,94.5,monday
2021-09-13 23:00,23:00,2,30.7,69,28.6,75,23.8,32.7,0,0,146,29.79,29.79,0,0,0,0,0,0,0,94.5,monday
2021-09-13 23:30,23:30,3,30.7,69,28.2,76,23.6,32,0,0,146,29.78,29.78,0,0,0,0,0,0,0,94.5,monday
2021-09-14 7:30,7:30,1,29.6,73,28.3,83,25.2,33.3,1.1,1.8,115,29.82,29.82,193,1,0,0,0,0,0,94.5,tuesday
2021-09-14 8:00,8:00,1,29.6,73,29.4,78,25.2,35.3,0,0,128,29.83,29.83,294.9,2,0,0,0,0,0,94.5,tuesday
2021-09-14 8:30,8:30,1.5,29.8,73,30.6,73,25.2,37.4,0,0,107,29.83,29.83,412,4,0,0,0,0,0,94.5,tuesday
2021-09-14 9:00,9:00,1.5,29.9,72,31.7,68,25.1,38.9,0,0,115,29.83,29.83,607.2,5,0,0,0,0,0,94.5,tuesday
2021-09-14 9:30,9:30,1.5,30.2,71,32.1,70,26,40.7,2.2,7.2,105,29.82,29.82,762.1,7,0,0,0,0,0,94.5,tuesday
2021-09-14 10:00,10:00,1.5,30.4,72,32.4,70,26.2,41.6,0.7,3.6,116,29.81,29.81,448.9,4,0,0,0,0,0,94.5,tuesday
2021-09-14 10:30,10:30,1.5,30.6,71,33.2,66,26,42.4,0,0,123,29.8,29.8,792.4,7,0,0,0,0,0,94.5,tuesday
2021-09-14 11:00,11:00,2,30.9,72,33.5,69,27.1,44.6,1.1,1.8,113,29.79,29.79,825.5,8,0,0,0,0,0,94.5,tuesday
2021-09-14 11:30,11:30,3,31,75,33.3,74,28.1,46.2,1.4,1.8,137,29.77,29.77,867.1,8,0,0,0,0,0,94.5,tuesday
2021-09-14 12:00,12:00,2,31.2,75,33.3,73,27.8,45.7,2.2,3.6,95,29.76,29.76,721.7,7,0,0,0,0,0,94.5,tuesday
2021-09-14 12:30,12:30,2.5,31.3,75,32.8,74,27.6,44.5,1.4,3.6,155,29.73,29.73,827.6,8,0,0,0,0,0,94.5,tuesday
2021-09-14 13:00,13:00,2.5,31.4,76,33.1,76,28.3,46.6,4.7,7.2,206,29.7,29.7,209.9,2,0,0,0,0,0,94.5,tuesday
2021-09-14 13:30,13:30,2,31.5,75,33.2,74,28,46.1,4.7,7.2,86,29.69,29.69,771.2,7,0,0,0,0,0,94.5,tuesday
2021-09-14 14:00,14:00,3,31.5,75,33.5,73,28,46.5,7.9,9.4,226,29.67,29.67,396.4,3,0,0,0,0,0,94.5,tuesday
2021-09-14 14:30,14:30,2,31.5,75,31.9,77,27.4,42.7,4,5.4,279,29.67,29.67,268.8,2,0,0,0,0,0,94.5,tuesday
2021-09-14 15:00,15:00,1.5,31.6,75,33.5,73,28,46.5,3.2,5.4,243,29.67,29.67,553,5,0,0,0,0,0,94.5,tuesday
2021-09-14 15:30,15:30,2,31.7,74,33.2,75,28.2,46.5,3.6,5.4,114,29.66,29.66,168.6,1,0,0,0,0,0,94.5,tuesday
2021-09-14 16:00,16:00,2.5,31.8,74,32.6,75,27.6,44.3,2.2,3.6,161,29.67,29.67,70.2,0,0,0,0,0,0,94.5,tuesday
2021-09-14 16:30,16:30,2.5,31.6,75,31,80,27.2,40.8,4.7,7.2,201,29.68,29.68,52.8,0,0,0,0,0,0,94.5,tuesday
2021-09-14 17:00,17:00,1.5,31.4,75,30.7,82,27.3,40.6,0.4,1.8,127,29.69,29.69,22.8,0,0,0,0,0,0,94.5,tuesday
2021-09-14 18:00,18:00,2.5,31.2,76,30.2,84,27.2,39.6,0,0,126,29.71,29.71,0,0,0,0,0,0,0,94.5,tuesday
2021-09-14 18:30,18:30,2,31.2,76,30.3,83,27.1,39.4,0.4,1.8,168,29.74,29.74,0,0,0,0,0,0,0,94.5,tuesday
2021-09-14 19:00,19:00,2.5,31.2,76,30.2,83,27,39.2,0,0,168,29.75,29.75,0,0,0,0,0,0,0,94.5,tuesday
2021-09-14 19:30,19:30,3.5,31.1,75,29.5,81,25.9,36.4,0,0,169,29.76,29.76,0,0,0,0,0,0,0,94.5,tuesday
2021-09-14 20:00,20:00,3,31,75,29.3,81,25.7,35.7,0,0,95,29.77,29.77,0,0,0,0,0,0,0,94.5,tuesday
2021-09-14 20:30,20:30,3,31,74,29.7,80,25.9,36.8,0,0,95,29.78,29.78,0,0,0,0,0,0,0,94.5,tuesday
2021-09-14 21:00,21:00,2.5,30.9,75,29.6,80,25.8,36.5,0,0,95,29.8,29.8,0,0,0,0,0,0,0,94.5,tuesday
2021-09-14 21:30,21:30,3,30.9,74,29.6,80,25.8,36.5,0,0,95,29.8,29.8,0,0,0,0,0,0,0,94.5,tuesday
2021-09-14 22:00,22:00,4,30.9,74,29.5,81,25.9,36.4,0,0,95,29.8,29.8,0,0,0,0,0,0,0,94.5,tuesday
2021-09-14 22:30,22:30,3.5,30.9,74,29.2,84,26.2,36.3,0,0,95,29.79,29.79,0,0,0,0,0,0,0,94.5,tuesday
2021-09-14 23:00,23:00,3.5,30.8,75,29.1,84,26.1,35.9,0,0,95,29.78,29.78,0,0,0,0,0,0,0,94.5,tuesday
2021-09-14 23:30,23:30,3.5,30.8,74,28.6,82,25.2,34.1,0.7,1.8,95,29.77,29.77,0,0,0,0,0,0,0,94.5,tuesday
2021-09-15 7:00,7:00,3,29.9,73,29.7,80,25.9,36.8,1.4,1.8,109,29.8,29.8,68,0,0,0,0,0,0,94.5,wednesday
2021-09-15 7:30,7:30,2.5,29.9,74,27.8,85,25.1,32.3,1.1,1.8,160,29.8,29.8,65.9,0,0,0,0,0,0,94.5,wednesday
2021-09-15 8:00,8:00,2.5,29.9,74,29,81,25.4,34.9,1.1,1.8,107,29.82,29.82,221.6,2,0,0,0,0,0,94.5,wednesday
2021-09-15 8:30,8:30,1.5,30,74,29.8,79,25.8,36.7,2.2,3.6,117,29.83,29.83,429.4,4,0,0,0,0,0,94.5,wednesday
2021-09-15 9:00,9:00,1.5,30.2,73,31.5,73,26.1,40,1.4,1.8,131,29.82,29.82,685.8,6,0,0,0,0,0,94.5,wednesday
2021-09-15 9:30,9:30,1.5,30.5,73,31.9,74,26.7,41.6,1.8,1.8,100,29.82,29.82,817.2,7,0,0,0,0,0,94.5,wednesday
2021-09-15 10:00,10:00,1.5,30.7,73,33.2,71,27.2,44.6,0.7,1.8,111,29.81,29.81,446.2,4,0,0,0,0,0,94.5,wednesday
2021-09-15 10:30,10:30,1.5,31,73,32.9,71,27,43.5,0,0,121,29.8,29.8,784.2,7,0,0,0,0,0,94.5,wednesday
2021-09-15 11:00,11:00,1,31.1,73,32.5,72,26.8,42.7,3.2,5.4,115,29.79,29.79,773.4,7,0,0,0,0,0,94.5,wednesday
2021-09-15 11:30,11:30,0.5,31.3,72,33.5,69,27.1,44.6,5.4,7.2,109,29.77,29.77,794.2,7,0,0,0,0,0,94.5,wednesday
2021-09-15 12:00,12:00,0.5,31.4,72,33.6,69,27.2,45,4.7,7.2,125,29.77,29.77,627.7,6,0,0,0,0,0,94.5,wednesday
2021-09-15 12:30,12:30,0,31.6,74,33.5,74,28.3,47,2.5,3.6,158,29.75,29.75,810.3,7,0,0,0,0,0,94.5,wednesday
2021-09-15 13:00,13:00,0,31.8,75,33.7,75,28.7,48.3,2.2,3.6,108,29.73,29.73,757.3,7,0,0,0,0,0,94.5,wednesday
2021-09-15 14:00,14:00,0.5,32,75,34,73,28.5,48.3,1.4,1.8,98,29.7,29.7,709.1,6,0,0,0,0,0,94.5,wednesday
2021-09-15 14:30,14:30,1,32,74,33.5,74,28.3,47,1.8,3.6,165,29.69,29.69,598.2,5,0,0,0,0,0,94.5,wednesday
2021-09-15 15:00,15:00,0,32,74,33.5,72,27.8,46,2.2,3.6,139,29.68,29.68,541.8,5,0,0,0,0,0,94.5,wednesday
2021-09-16 7:30,7:30,0.5,29.7,73,28.8,79,24.8,33.9,0,0,115,29.8,29.8,197.8,1,0,0,0,0,0,94.5,thursday
2021-09-16 8:00,8:00,0.5,29.8,72,30.1,75,25.2,36.6,1.4,1.8,121,29.8,29.8,319.6,3,0,0,0,0,0,94.5,thursday
2021-09-16 8:30,8:30,1,30,71,30.5,73,25.1,37.1,3.6,3.6,110,29.81,29.81,458.8,4,0,0,0,0,0,94.5,thursday
2021-09-16 9:00,9:00,1,30.3,71,31.3,70,25.2,38.3,5,5.4,84,29.81,29.81,628,6,0,0,0,0,0,94.5,thursday
2021-09-16 9:30,9:30,1,30.5,69,31.9,66,24.8,38.7,1.1,1.8,98,29.81,29.81,758.7,7,0,0,0,0,0,94.5,thursday
2021-09-16 10:00,10:00,1.5,30.7,68,33.1,61,24.6,40.2,0.7,1.8,119,29.8,29.8,440.2,4,0,0,0,0,0,94.5,thursday
2021-09-16 10:30,10:30,2,30.9,69,33.5,65,26.1,42.8,1.1,1.8,134,29.79,29.79,724.3,7,0,0,0,0,0,94.5,thursday
2021-09-16 11:00,11:00,2.5,31.1,69,32.6,69,26.2,41.8,6.5,9.4,107,29.79,29.79,709.6,6,0,0,0,0,0,94.5,thursday
2021-09-16 11:30,11:30,2.5,31.2,69,33.3,65,25.9,42.2,3.6,5.4,109,29.78,29.78,829.4,8,0,0,0,0,0,94.5,thursday
2021-09-16 12:00,12:00,0.5,31.5,72,33.5,71,27.5,45.6,4,7.2,151,29.77,29.77,445,4,0,0,0,0,0,94.5,thursday
2021-09-16 12:30,12:30,0.5,31.7,71,33.5,72,27.8,46,0.7,1.8,132,29.75,29.75,779.5,7,0,0,0,0,0,94.5,thursday
2021-09-16 13:00,13:00,0.5,31.7,71,32,74,26.8,41.9,4.3,5.4,138,29.73,29.73,440.2,4,0,0,0,0,0,94.5,thursday
2021-09-16 13:30,13:30,0.5,31.8,71,32.3,71,26.4,41.6,1.1,1.8,145,29.75,29.75,132.7,1,0,0,0,0,0,94.5,thursday
2021-09-17 9:30,9:30,2,30.3,71,31.3,70,25.2,38.3,5,5.4,84,29.81,29.81,628,6,0,0,0,0,0,94.5,friday
2021-09-17 10:00,10:00,2,30.7,75,31.8,75,26.9,41.6,1.4,1.8,123,29.78,29.78,590.3,5,0,0,0,0,0,94.5,friday
2021-09-17 10:30,10:30,1.5,31,76,31.8,76,27.1,41.9,4.3,7.2,116,29.77,29.77,798.6,7,0,0,0,0,0,94.5,friday
2021-09-17 11:00,11:00,2,31.2,75,32.6,72,26.9,43.1,5.4,9.4,106,29.77,29.77,777.8,7,0,0,0,0,0,94.5,friday
2021-09-17 11:30,11:30,2,31.2,74,32.6,73,27.2,43.5,1.8,1.8,121,29.75,29.75,799.4,7,0,0,0,0,0,94.5,friday
2021-09-17 12:00,12:00,1.5,31.5,74,32.9,71,27,43.5,0.4,1.8,128,29.73,29.73,692.7,6,0,0,0,0,0,94.5,friday
2021-09-17 12:30,12:30,2,31.6,73,33.8,68,27.1,45.1,0.4,1.8,127,29.72,29.72,793.8,7,0,0,0,0,0,94.5,friday
2021-09-17 13:00,13:00,2,31.8,72,33.8,70,27.6,46,3.6,7.2,180,29.7,29.7,745.2,7,0,0,0,0,0,94.5,friday
2021-09-17 13:30,13:30,1.5,31.9,73,33.4,69,27,44.3,1.4,1.8,83,29.69,29.69,718.7,6,0,0,0,0,0,94.5,friday
2021-09-17 14:00,14:00,1,32,72,33.3,72,27.6,45.3,2.9,3.6,186,29.67,29.67,688.3,6,0,0,0,0,0,94.5,friday
2021-09-17 14:30,14:30,0,32,73,33.2,75,28.2,46.5,5.8,9.4,108,29.66,29.66,459.7,4,0,0,0,0,0,94.5,friday
2021-09-17 15:00,15:00,0.5,31.9,75,32.4,76,27.7,44,1.8,3.6,228,29.65,29.65,494.4,4,0,0,0,0,0,94.5,friday
2021-09-17 15:30,15:30,1,31.9,75,32.4,77,27.8,44.4,4.7,5.4,144,29.65,29.65,81.9,0,0,0,0,0,0,94.5,friday
2021-09-17 16:00,16:00,1,31.8,75,31.8,79,27.7,43.2,1.1,3.6,161,29.65,29.65,88.4,0,0,0,0,0,0,94.5,friday
2021-09-17 16:30,16:30,1,31.6,76,30.4,83,27.2,39.8,1.1,1.8,135,29.66,29.66,58.4,0,0,0,0,0,0,94.5,friday
2021-09-17 17:00,17:00,1,31.5,76,30.3,81,26.7,38.8,1.1,1.8,112,29.67,29.67,15.1,0,0,0,0,0,0,94.5,friday
2021-09-17 17:30,17:30,0.5,31.4,73,30.8,71,25,37.3,1.1,1.8,131,29.68,29.68,3.4,0,0,0,0,0,0,94.5,friday
2021-09-17 18:00,18:00,0.5,31.3,71,30.4,72,24.8,36.5,1.4,1.8,136,29.71,29.71,0,0,0,0,0,0,0,94.5,friday
